Papel	Cotação	P/L	P/VP	PSR	Div.Yield	P/Ativo	P/Cap.Giro	P/EBIT	P/Ativ Circ.Liq	EV/EBITDA	Mrg Ebit	Mrg. Líq.	Liq. Corr.	ROIC	ROE	Liq.2meses	Patrim. Líq	Dív.Brut/ Patrim.	Cresc. Rec.5a
EVEN3	12,84	-756,32	1,67	1,549	0,00%	0,585	1,04	28,40	3,07	31,90	5,45%	1,05%	3,42	2,54%	-0,22%	24.726.600,00	1.668.040.000,00	0,83	-6,20%
SQIA3	17,71	-338,41	2,90	7,493	0,05%	2,021	3,57	107,81	5,94	40,15	6,95%	-2,21%	8,38	4,72%	-0,86%	10.926.700,00	430.818.000,00	0,14	24,08%
MAPT4	47,00	-268,28	-7,78	0,000	0,00%	55,877	0,00	-329,72	0,00	-329,72	0,00%	0,00%	0,00	0,00%	2,90%	678,55	-5.552.000,00	0,00	0,00%
CCPR3	20,74	-174,24	3,18	7,295	0,00%	0,916	28,01	13,92	-2,33	16,62	52,42%	9,43%	1,40	7,26%	-1,83%	5.535.830,00	1.040.750.000,00	1,64	6,08%
MILS3	7,18	-106,80	1,63	6,428	0,00%	1,310	18,65	-23,57	-11.666,50	24,40	-27,27%	-6,02%	1,56	-6,17%	-1,52%	5.615.270,00	1.111.300.000,00	0,14	-18,38%
PFRM3	4,04	-96,88	0,51	0,107	0,00%	0,159	1,09	3,34	-3,47	4,20	3,20%	-0,11%	1,29	7,61%	-0,52%	984.156,00	984.289.000,00	0,72	6,70%
LPSB3	8,08	-63,83	28,56	8,487	0,00%	4,675	-219,16	-344,18	-7,52	68,97	-2,47%	-15,99%	0,91	-1,51%	-44,75%	3.977.060,00	41.738.000,00	0,29	-14,54%
TELB3	111,00	-49,79	161,74	121,094	0,00%	1,579	42,34	-127,27	-1,77	230,99	-95,15%	-243,21%	1,62	-1,30%	-324,83%	322.389,00	34.044.000,00	8,08	3,21%
RDNI3	12,94	-49,67	0,93	2,193	0,00%	0,429	1,70	-39,46	-3,52	-89,79	-5,56%	-5,23%	2,59	-1,23%	-1,86%	311.031,00	611.714.000,00	0,64	-21,15%
ECOR3	14,41	-39,12	21,43	2,162	0,00%	0,636	-6,26	6,99	-0,90	8,95	30,92%	-5,51%	0,72	11,98%	-54,78%	40.136.600,00	375.633.000,00	25,79	6,09%
MSPA3	51,50	-38,14	0,37	2,529	0,78%	0,227	3,73	-16,06	-0,80	-50,39	-15,75%	-6,63%	2,85	-1,49%	-0,96%	241,69	899.497.000,00	0,05	-21,17%
MSPA4	51,50	-38,14	0,37	2,529	0,85%	0,227	3,73	-16,06	-0,80	-50,39	-15,75%	-6,63%	2,85	-1,49%	-0,96%	475,81	899.497.000,00	0,05	-21,17%
BAHI3	110,00	-36,24	4,58	5,144	0,00%	1,319	5,77	-26,34	-4,48	-22,67	-19,53%	-15,83%	2,34	-8,01%	-12,64%	56.428,40	53.301.000,00	0,18	34,48%
DTCY3	4,60	-20,56	-40,62	2,798	0,00%	1,179	-3,91	28,12	-1,39	13,62	9,95%	-13,61%	0,37	4,87%	197,62%	543,21	-882.000,00	-5,62	2,58%
TESA3	14,12	-19,86	0,32	0,286	0,00%	0,122	-14,27	9,26	-0,36	14,69	3,09%	-1,44%	0,97	1,42%	-1,60%	289.158,00	962.097.000,00	0,96	5,84%
HBOR3	3,54	-19,29	3,19	1,919	0,00%	0,548	1,38	-65,79	-12,02	-132,83	-2,92%	-3,52%	2,28	-0,92%	-16,53%	16.546.500,00	743.035.000,00	2,37	-13,47%
RCSL4	1,19	-18,92	-1,37	4,835	0,00%	2,170	-6,18	618,01	-0,98	196,95	0,78%	-25,58%	0,53	0,37%	7,22%	318.226,00	-66.069.000,00	-0,00	359,60%
MNDL3	35,50	-17,60	-0,62	0,183	0,00%	0,086	-0,13	2,91	-0,10	6,19	6,28%	-1,04%	0,27	3,12%	3,52%	17.785,30	-142.268.000,00	-1,30	3,95%
TELB4	36,72	-16,47	53,50	40,059	0,00%	0,522	14,01	-42,10	-0,59	81,86	-95,15%	-243,21%	1,62	-1,30%	-324,83%	1.270.260,00	34.044.000,00	8,08	3,21%
BEEF3	12,34	-14,60	-6,08	0,277	0,00%	0,388	1,89	3,63	-0,84	6,97	7,62%	-1,89%	1,52	17,41%	41,65%	39.015.700,00	-767.223.000,00	-12,72	18,98%
BTTL3	5,19	-14,19	15,96	0,175	0,00%	0,651	15,34	8,28	-1,23	8,21	2,11%	-1,23%	1,11	10,35%	-112,46%	6.685,81	4.832.000,00	4,53	-5,93%
VVAR3	7,45	-11,28	6,57	0,380	0,00%	0,444	-2,44	8,44	-1,01	7,59	4,50%	-3,36%	0,73	7,72%	-58,21%	186.165.000,00	1.474.000.000,00	3,80	8,70%
MGEL4	7,49	-8,61	-0,11	0,081	0,00%	0,115	0,31	1,01	-0,08	10,52	8,06%	-2,04%	2,68	14,40%	1,32%	12.453,20	-381.306.000,00	-1,76	4,49%
BIOM3	9,80	-8,49	7,21	98,288	0,00%	1,658	13,99	-11,67	-3,34	-15,15	-842,01%	-1.157,92%	1,77	-19,41%	-84,95%	263.173,00	65.021.000,00	2,39	918,31%
TECN3	2,08	-6,98	0,39	0,509	0,00%	0,208	0,66	-8,75	4,65	-6,89	-5,82%	-7,29%	2,64	-3,07%	-5,60%	202.311,00	417.917.000,00	0,30	-6,76%
NORD3	4,43	-6,57	-0,21	23,866	0,00%	1,782	-0,56	-33,07	-0,19	-75,00	-72,17%	-363,14%	0,01	-5,52%	3,18%	39.943,40	-140.228.000,00	-0,27	71,88%
BOBR4	1,74	-6,46	-1,67	0,418	0,00%	0,787	-2,20	6,67	-0,74	7,93	6,27%	-6,47%	0,54	14,83%	25,85%	52.182,50	-279.734.000,00	-1,08	-0,15%
RANI4	3,47	-5,96	1,93	0,605	0,66%	0,358	7,16	5,54	-0,67	7,29	10,94%	-10,15%	1,22	7,18%	-32,42%	8.372,64	299.193.000,00	2,85	6,64%
DMMO3	9,05	-5,44	-5,15	5,029	0,00%	1,705	-12,02	115,90	-1,46	26,96	4,34%	-92,48%	0,54	1,73%	94,67%	2.052.840,00	-474.698.000,00	0,00	-2,41%
TCNO3	1,02	-5,40	4,51	6,672	0,00%	0,029	0,00	-0,99	0,00	-6,78	-676,98%	-123,62%	0,00	0,00%	-83,57%	40.004,10	1.497.000,00	0,00	-68,21%
RANI3	3,13	-5,38	1,74	0,546	0,73%	0,323	6,45	4,99	-0,61	6,99	10,94%	-10,15%	1,22	7,18%	-32,42%	74.392,60	299.193.000,00	2,85	6,64%
TCNO4	0,99	-5,24	4,38	6,476	0,00%	0,028	0,00	-0,96	0,00	-6,75	-676,98%	-123,62%	0,00	0,00%	-83,57%	109.857,00	1.497.000,00	0,00	-68,21%
AHEB3	31,00	-5,12	14,34	2,162	0,00%	0,944	-10,16	-5,07	-1,12	-6,63	-42,61%	-42,24%	0,49	-20,34%	-280,11%	4.036,62	16.266.000,00	0,00	-15,81%
CRDE3	23,48	-4,50	0,36	1,863	0,00%	0,314	1,34	-4,61	1,93	-2,42	-40,38%	-56,74%	5,61	-8,23%	-7,97%	11.223,40	158.573.000,00	0,00	-5,25%
SHOW3	5,11	-4,44	1,23	0,649	1,16%	0,548	1,82	-19,18	44,55	-59,20	-3,39%	-14,77%	2,13	-5,25%	-27,78%	658.930,00	279.348.000,00	0,58	0,57%
TCSA3	1,28	-3,59	0,94	2,948	0,00%	0,498	2,79	-18,38	-11,95	-22,54	-16,04%	-83,60%	1,72	-3,33%	-26,24%	13.758.900,00	1.000.390.000,00	0,39	-32,81%
BSEV3	2,54	-2,57	12,31	0,425	0,00%	0,238	5,88	9,83	-0,39	4,23	4,32%	-16,55%	1,12	2,69%	-479,64%	29.112,90	210.580.000,00	28,84	1,66%
PINE4	3,19	-2,28	0,49	0,000	0,00%	0,000	0,00	0,00	0,00	0,00	0,00%	0,00%	0,00	0,00%	-21,65%	943.270,00	782.844.000,00	0,00	119,52%
RPMG3	5,00	-2,26	-0,13	0,310	0,00%	0,162	-0,15	-2,03	-0,12	-2,12	-15,26%	-13,71%	0,47	-8,21%	5,72%	438.381,00	-2.618.490.000,00	0,00	15,87%
GFSA3	6,57	-2,20	1,01	1,652	0,00%	0,307	1,43	500,89	845,03	60,00	0,33%	-74,91%	1,45	0,08%	-45,86%	11.882.900,00	780.159.000,00	0,96	-32,76%
MTIG4	70,00	-1,91	1,05	0,134	0,63%	0,160	-0,70	-68,83	-0,43	20,04	-0,19%	-7,00%	0,67	-0,28%	-55,27%	1.183,33	15.993.400,00	3,26	1,79%
NUTR3	45,00	-1,90	-0,23	0,099	0,00%	0,076	0,53	9,03	-0,09	16,01	1,10%	-5,20%	1,48	1,00%	12,00%	369,05	-25.238.000,00	-0,53	15,14%
LUPA3	1,46	-1,86	0,38	0,282	0,00%	0,065	0,27	-2,15	-0,15	-74,19	-13,11%	-19,63%	2,51	-3,22%	-20,55%	182.902,00	84.636.000,00	1,90	-17,01%
ADHM3	1,52	-1,85	-0,58	348,356	0,00%	47,503	-0,65	-2,57	-0,57	-2,63	-13.548,50%	-18.860,60%	0,00	521,70%	31,47%	72.733,90	-19.776.000,00	0,00	43,48%
BBRK3	3,95	-1,83	0,77	1,042	0,00%	0,331	2,56	-18,72	-1,16	49,82	-5,56%	-42,47%	1,93	-2,21%	-41,74%	472.106,00	187.133.000,00	0,60	-9,31%
HBTS5	12,50	-1,78	0,50	-28,708	0,65%	0,096	-1,03	-1,28	-0,14	-2,58	2.246,54%	1.610,89%	0,55	-7,61%	-28,04%	5.187,55	228.113.000,00	0,51	-40,99%
CALI4	50,08	-1,76	2,04	3,067	5,58%	0,571	4,15	-0,90	-1,37	-0,90	-339,18%	-174,30%	1,83	-64,78%	-116,14%	119,24	9.116.000,00	0,00	-44,11%
APER3	23,51	-1,31	1,86	2,046	0,00%	1,102	312,84	-1,27	-5,01	-1,24	-161,33%	-156,18%	1,02	-97,93%	-141,91%	673.801,00	97.083.000,00	0,00	-19,41%
ETER3	2,79	-1,11	-37,33	0,172	0,00%	0,155	4,17	-1,47	-0,27	-4,54	-11,73%	-15,45%	1,10	-12,28%	3.355,33%	398.940,00	-2.375.000,00	-45,81	-16,30%
CTKA3	13,00	-1,00	-0,24	0,249	0,00%	0,222	-0,18	3,52	-0,17	19,16	7,08%	-24,91%	0,32	7,11%	24,02%	8.916,26	-335.439.000,00	-1,70	4,28%
CTKA4	12,25	-0,94	-0,23	0,235	0,00%	0,209	-0,17	3,32	-0,16	19,02	7,08%	-24,91%	0,32	7,11%	24,02%	69.910,20	-335.439.000,00	-1,70	4,28%
CCXC3	2,05	-0,84	-0,07	0,000	0,00%	0,327	0,00	-1,15	0,00	-1,01	0,00%	0,00%	0,00	0,00%	7,85%	22.098,90	-52.699.000,00	0,00	0,00%
IGBR3	2,39	-0,70	-0,03	7,042	0,00%	0,112	-0,36	-2,54	-0,03	-95,78	-277,07%	-1.009,59%	0,04	-4,74%	4,97%	145.679,00	-861.333.000,00	-1,07	-18,95%
MNPR3	5,40	-0,69	-0,11	0,177	0,00%	0,191	-0,10	0,90	-0,08	0,74	19,53%	-25,64%	0,13	22,21%	15,71%	135.657,00	-354.128.000,00	-0,00	1,19%
ESTR4	31,75	-0,66	-0,06	0,190	0,00%	0,109	-0,06	-15,99	-0,04	37,62	-1,19%	-28,93%	0,20	-0,76%	8,46%	5.944,05	-462.674.000,00	-0,12	-6,63%
GSHP3	0,85	-0,63	-1,27	0,363	361,14%	0,035	0,30	0,94	-0,05	15,61	38,53%	-57,23%	1,83	4,74%	200,35%	152.217,00	-46.424.000,00	-28,30	-10,00%
HOOT4	2,02	-0,59	-0,15	0,668	0,00%	0,078	-0,08	-1,26	-0,05	-2,07	-53,11%	-113,21%	0,04	-6,44%	25,14%	16.652,70	-250.296.000,00	-0,01	-18,18%
TPIS3	1,32	-0,45	0,34	0,237	0,00%	0,063	-0,14	-6,39	-0,08	6,40	-3,71%	-54,81%	0,12	-1,03%	-75,48%	397.421,00	684.212.000,00	2,89	-19,34%
BDLL3	24,01	-0,43	0,47	0,518	0,00%	0,047	-0,34	-0,80	-0,08	-6,62	-65,01%	-119,48%	0,69	-6,60%	-107,58%	383,31	82.368.000,00	2,65	-39,47%
MEND5	16,90	-0,41	-0,02	94,174	0,00%	0,182	-0,13	-1.416,44	-0,01	26.506,10	-6,65%	-22.921,30%	0,00	-0,01%	3,90%	9.017,48	-10.872.100.000,00	-0,85	-20,91%
JFEN3	1,50	-0,39	0,47	1,598	0,00%	0,090	0,33	-1,07	-1,96	-5,21	-149,16%	-433,10%	1,52	-8,78%	-120,90%	64.158,20	336.159.000,00	1,84	-41,76%
PLAS3	6,69	-0,34	-0,43	0,216	0,00%	0,168	-0,37	-0,99	-0,14	-5,87	-21,80%	-63,18%	0,32	-18,57%	126,25%	46.675,20	-192.059.000,00	-0,95	-5,87%
MEND6	14,00	-0,34	-0,01	78,014	0,00%	0,151	-0,11	-1.173,38	-0,01	26.422,30	-6,65%	-22.921,30%	0,00	-0,01%	3,90%	34.643,60	-10.872.100.000,00	-0,85	-20,91%
MWET3	7,00	-0,30	-0,07	0,080	0,00%	0,081	-0,13	-0,86	-0,04	-7,44	-9,29%	-26,49%	0,28	-11,27%	23,98%	150,00	-198.459.000,00	-0,39	3,32%
VIVR3	1,42	-0,26	-0,71	-1,669	0,00%	0,119	-0,27	-0,72	-0,14	-3,55	232,13%	644,12%	0,44	-17,07%	273,28%	419.971,00	-92.585.000,00	-2,71	-43,60%
SLED3	2,75	-0,23	3,95	0,103	0,00%	0,078	1,27	-0,37	-0,12	-4,17	-27,75%	-45,25%	1,24	-23,52%	-1.737,18%	146.565,00	18.580.000,00	24,97	-19,25%
MWET4	5,00	-0,22	-0,05	0,057	0,00%	0,058	-0,09	-0,62	-0,03	-7,10	-9,29%	-26,49%	0,28	-11,27%	23,98%	38.460,60	-198.459.000,00	-0,39	3,32%
AZEV3	5,24	-0,21	-0,13	0,577	0,00%	0,479	-0,18	-0,50	-0,11	-1,08	-115,07%	-272,13%	0,13	-192,46%	63,02%	46.807,10	-211.781.000,00	-0,14	-41,36%
FHER3	2,30	-0,21	-0,14	0,098	0,00%	0,073	-0,07	-0,90	-0,07	-11,14	-10,80%	-46,07%	0,34	-26,90%	67,33%	2.104.210,00	-868.315.000,00	-1,21	-28,99%
INEP4	7,79	-0,17	-0,04	1,156	0,00%	0,043	-0,04	-0,27	-0,02	-3,30	-420,43%	-547,40%	0,13	-16,79%	21,19%	92.421,40	-1.682.970.000,00	-0,38	-47,49%
INEP3	7,20	-0,16	-0,03	1,069	0,00%	0,039	-0,03	-0,25	-0,02	-3,28	-420,43%	-547,40%	0,13	-16,79%	21,19%	76.560,30	-1.682.970.000,00	-0,38	-47,49%
RNEW3	3,97	-0,14	-0,19	0,740	0,00%	0,072	-0,07	-0,88	-0,05	-9,56	-84,05%	-511,43%	0,01	-9,45%	134,40%	41.137,70	-851.318.000,00	-1,76	-5,16%
RNEW11	10,76	-0,13	-0,18	0,669	0,00%	0,065	-0,06	-0,80	-0,05	-9,47	-84,05%	-511,43%	0,01	-9,45%	134,40%	195.763,00	-851.318.000,00	-1,76	-5,16%
RNEW4	3,46	-0,13	-0,17	0,645	0,00%	0,062	-0,06	-0,77	-0,05	-9,44	-84,05%	-511,43%	0,01	-9,45%	134,40%	68.428,50	-851.318.000,00	-1,76	-5,16%
RSID3	3,85	-0,12	-0,12	1,309	0,00%	0,030	-0,82	-0,50	-0,04	-13,09	-259,80%	-1.112,29%	0,92	-6,62%	95,77%	273.737,00	-571.672.000,00	-2,81	-52,45%
SNSY5	107,30	-0,12	-0,02	0,047	0,00%	0,054	-0,12	-0,21	-0,01	-1,38	-21,67%	-42,17%	0,53	-29,33%	15,11%	7.825,21	-1.188.190.000,00	-0,08	2,22%
SLED4	1,34	-0,11	1,93	0,050	0,00%	0,038	0,62	-0,18	-0,06	-3,87	-27,75%	-45,25%	1,24	-23,52%	-1.737,18%	325.782,00	18.580.000,00	24,97	-19,25%
BDLL4	6,08	-0,11	0,12	0,131	0,00%	0,012	-0,09	-0,20	-0,02	-5,87	-65,01%	-119,48%	0,69	-6,60%	-107,58%	44.649,90	82.368.000,00	2,65	-39,47%
LIQO3	9,92	-0,10	-2,23	0,028	0,00%	0,019	-0,13	-0,12	-0,02	-3,42	-22,20%	-28,80%	0,56	-17,25%	2.325,01%	169.728,00	-12.449.000,00	-39,54	-24,70%
AZEV4	2,05	-0,08	-0,05	0,226	0,00%	0,188	-0,07	-0,20	-0,04	-0,75	-115,07%	-272,13%	0,13	-192,46%	63,02%	67.413,10	-211.781.000,00	-0,14	-41,36%
MMXM3	1,56	-0,06	-0,01	4,817	0,00%	0,076	-0,01	-0,13	-0,01	-2,55	-3.720,51%	-7.552,40%	0,04	-91,78%	21,85%	51.895,20	-719.319.000,00	-0,27	106,28%
PDGR3	5,11	-0,06	-0,01	0,321	0,00%	0,019	-0,02	-5,70	-0,01	262,26	-5,63%	-575,12%	0,44	-0,39%	16,23%	204.193,00	-4.576.270.000,00	-0,37	-43,46%
TEKA3	9,51	-0,05	-0,00	0,032	0,00%	0,005	-0,00	-0,34	-0,00	-52,21	-9,58%	-67,45%	0,02	-2,31%	6,49%	11.600,10	-1.543.650.000,00	-0,30	0,31%
TEKA4	6,59	-0,03	-0,00	0,022	0,00%	0,003	-0,00	-0,23	-0,00	-52,04	-9,58%	-67,45%	0,02	-2,31%	6,49%	166.577,00	-1.543.650.000,00	-0,30	0,31%
OSXB3	3,60	-0,03	-0,00	1,032	0,00%	0,004	-0,03	-0,24	-0,00	-271,54	-438,05%	-3.565,83%	0,03	-1,64%	8,83%	53.281,30	-4.308.840.000,00	-0,98	-68,26%
BMGB11	41,99	0,00	1,92	0,000	0,00%	0,000	0,00	0,00	0,00	0,00	0,00%	0,00%	0,00	0,00%	0,00%	18.857.400,00	2.732.880.000,00	0,00	0,00%
CNTO3	27,12	0,00	5,75	0,000	0,00%	1,715	24,80	0,00	-4,81	0,00	0,00%	0,00%	1,25	0,00%	0,00%	24.017.300,00	991.151.000,00	0,04	0,00%
VIVA3	23,83	0,00	9,31	0,000	0,00%	4,448	14,23	0,00	82,46	0,00	0,00%	0,00%	2,19	0,00%	0,00%	36.065.200,00	604.529.000,00	0,46	0,00%
JBDU4	1,81	0,55	0,63	0,000	0,00%	0,065	0,00	-0,82	0,00	-1,29	0,00%	0,00%	0,00	0,00%	114,71%	37.098,20	14.496.000,00	0,00	0,00%
HETA4	6,20	0,73	-0,01	2,928	0,00%	0,326	-0,08	4,41	-0,01	457,11	66,39%	401,11%	0,02	7,48%	-1,13%	14.152,70	-383.060.000,00	-0,85	-16,48%
JBDU3	3,10	0,94	1,07	0,000	0,00%	0,111	0,00	-1,40	0,00	-1,88	0,00%	0,00%	0,00	0,00%	114,71%	7.911,33	14.496.000,00	0,00	0,00%
CEDO3	8,00	1,55	0,43	0,119	0,00%	0,106	-4,36	-3,95	-0,36	-945,32	-3,02%	8,10%	0,95	-3,12%	27,79%	1.082,86	185.246.000,00	1,26	12,27%
CEDO4	8,00	1,55	0,43	0,119	0,00%	0,106	-4,36	-3,95	-0,36	-945,32	-3,02%	8,10%	0,95	-3,12%	27,79%	9.374,31	185.246.000,00	1,26	12,27%
IDNT3	2,30	2,22	1,82	0,000	0,00%	0,566	0,00	-8,69	0,00	-7,96	0,00%	0,00%	0,00	0,00%	81,63%	459.760,00	20.705.000,00	0,00	-80,42%
CTNM4	8,70	2,63	0,26	0,225	0,00%	0,061	1,12	0,73	-0,29	3,29	30,69%	17,61%	1,18	9,26%	9,85%	189.669,00	1.028.930.000,00	1,49	-14,35%
MRFG3	11,29	2,91	20,15	0,156	0,00%	0,223	1,09	2,48	-0,55	4,54	6,27%	8,00%	1,79	13,70%	691,61%	62.320.600,00	348.061.000,00	56,47	19,96%
SGPS3	11,20	2,97	0,39	0,759	0,00%	0,165	1,66	-16,44	-0,83	21,26	-4,61%	25,52%	1,35	-1,13%	13,26%	952.386,00	1.420.560.000,00	0,77	-20,11%
CTNM3	10,50	3,17	0,31	0,272	0,00%	0,074	1,36	0,89	-0,35	3,40	30,69%	17,61%	1,18	9,26%	9,85%	2.788,79	1.028.930.000,00	1,49	-14,35%
CTSA3	5,29	3,39	0,73	0,448	6,70%	0,339	4,38	5,62	-3,67	9,13	7,96%	13,22%	1,21	6,48%	21,41%	81.698,50	286.680.000,00	0,87	6,93%
CTSA4	5,57	3,57	0,76	0,471	7,00%	0,357	4,61	5,92	-3,86	9,36	7,96%	13,22%	1,21	6,48%	21,41%	23.312,10	286.680.000,00	0,87	6,93%
FRTA3	6,60	3,95	-0,19	1,749	0,00%	0,385	-0,17	-20,80	-0,13	697,29	-8,41%	44,23%	0,04	-2,22%	-4,89%	41.116,50	-68.253.000,00	-0,80	-35,66%
PMAM3	25,29	4,64	1,32	0,204	0,00%	0,238	2,74	14,46	-0,71	13,41	1,41%	4,40%	1,22	2,26%	28,43%	2.132.050,00	832.397.000,00	2,69	-0,55%
IDVL3	3,10	4,66	0,67	0,000	0,00%	0,000	0,00	0,00	0,00	0,00	0,00%	0,00%	0,00	0,00%	14,45%	23.758,50	399.193.000,00	0,00	0,00%
CRPG5	21,53	4,68	1,07	1,006	2,84%	0,828	1,18	6,03	1,47	3,50	16,70%	21,50%	9,16	18,75%	22,94%	298.046,00	582.094.000,00	0,00	15,79%
CRPG6	21,69	4,71	1,08	1,014	2,82%	0,834	1,19	6,07	1,49	3,53	16,70%	21,50%	9,16	18,75%	22,94%	33.516,40	582.094.000,00	0,00	15,79%
PTBL3	3,98	4,90	1,74	0,469	3,89%	0,346	2,24	15,27	-1,07	11,90	3,07%	9,58%	1,48	3,03%	35,52%	1.955.560,00	362.385.000,00	2,18	1,97%
BSLI4	46,01	5,15	1,08	0,000	8,13%	0,000	0,00	0,00	0,00	0,00	0,00%	0,00%	0,00	0,00%	21,01%	545,33	1.544.670.000,00	0,00	2,07%
RSUL4	120,00	5,16	-5,71	0,450	0,00%	0,379	-1,04	3,13	-0,48	2,71	14,37%	8,72%	0,44	12,67%	-110,56%	5.397,62	-12.254.000,00	-0,47	5,84%
BSLI3	47,00	5,26	1,10	0,000	7,23%	0,000	0,00	0,00	0,00	0,00	0,00%	0,00%	0,00	0,00%	21,01%	707,14	1.544.670.000,00	0,00	2,07%
IDVL4	3,70	5,57	0,80	0,000	0,00%	0,000	0,00	0,00	0,00	0,00	0,00%	0,00%	0,00	0,00%	14,45%	46.122,30	399.193.000,00	0,00	0,00%
BAZA3	35,33	5,71	0,51	0,000	4,07%	0,000	0,00	0,00	0,00	0,00	0,00%	0,00%	0,00	0,00%	8,99%	54.168,70	2.041.970.000,00	0,00	-12,42%
TKNO4	31,50	5,77	0,51	0,642	0,00%	0,418	1,36	151,24	1,58	10,46	0,42%	11,12%	3,13	0,33%	8,92%	375,00	180.387.000,00	0,02	4,09%
WHRL3	6,56	6,07	3,46	1,491	10,03%	1,403	72,90	38,40	-19,86	22,65	3,88%	24,50%	1,04	6,17%	57,05%	47.802,20	2.846.050.000,00	0,18	-9,63%
WHRL4	6,77	6,27	3,57	1,539	10,69%	1,448	75,23	39,63	-20,50	23,39	3,88%	24,50%	1,04	6,17%	57,05%	372.088,00	2.846.050.000,00	0,18	-9,63%
CRPG3	29,00	6,30	1,45	1,355	0,00%	1,116	1,58	8,12	1,99	5,20	16,70%	21,50%	9,16	18,75%	22,94%	1.772,33	582.094.000,00	0,00	15,79%
CEBR6	48,02	6,44	1,77	0,258	0,11%	0,193	5,94	5,57	-0,52	5,01	4,63%	5,35%	1,08	4,19%	27,46%	83.136,00	391.531.000,00	1,26	4,07%
EALT4	5,08	6,47	0,69	0,387	2,75%	0,308	6,96	5,25	-1,47	6,27	7,37%	5,98%	1,15	6,36%	10,67%	352.837,00	165.525.000,00	0,50	22,44%
ROMI3	13,79	6,59	1,15	1,109	6,31%	0,616	2,32	27,60	5,05	16,47	4,02%	16,87%	1,83	2,64%	17,45%	1.736.110,00	754.217.000,00	0,47	6,77%
BMEB4	11,84	6,59	0,71	0,000	5,60%	0,000	0,00	0,00	0,00	0,00	0,00%	0,00%	0,00	0,00%	10,72%	61.504,00	878.333.000,00	0,00	7,27%
FESA4	18,08	6,59	0,86	1,244	7,45%	0,569	2,78	10,91	-19,69	5,88	11,40%	18,89%	3,01	5,88%	13,03%	3.620.710,00	1.858.840.000,00	0,27	10,88%
CEBR3	50,00	6,70	1,84	0,269	0,10%	0,201	6,19	5,80	-0,54	5,17	4,63%	5,35%	1,08	4,19%	27,46%	36.395,10	391.531.000,00	1,26	4,07%
BMEB3	12,07	6,72	0,72	0,000	0,45%	0,000	0,00	0,00	0,00	0,00	0,00%	0,00%	0,00	0,00%	10,72%	14.989,60	878.333.000,00	0,00	7,27%
CEBR5	53,00	7,11	1,95	0,285	7,41%	0,213	6,56	6,15	-0,58	5,41	4,63%	5,35%	1,08	4,19%	27,46%	2.942,17	391.531.000,00	1,26	4,07%
BRGE12	4,81	7,12	0,30	12,747	0,03%	0,109	0,61	-0,85	0,72	3,23	-1.501,78%	268,48%	1,41	-26,86%	4,21%	2.202,45	1.181.120.000,00	0,00	-1,54%
SMLS3	35,24	7,15	3,77	4,064	10,15%	1,663	3,08	5,92	4,02	4,50	68,59%	56,82%	2,25	47,79%	52,65%	24.549.600,00	1.161.930.000,00	0,00	-9,28%
BGIP4	36,60	7,78	1,47	0,000	4,22%	0,000	0,00	0,00	0,00	0,00	0,00%	0,00%	0,00	0,00%	18,88%	18.220,40	380.893.000,00	0,00	16,05%
CAML3	7,17	7,83	1,18	0,527	3,85%	0,495	1,60	10,56	14,82	10,86	4,99%	6,73%	2,02	6,28%	15,08%	7.780.670,00	2.258.460.000,00	0,99	14,32%
GPCP3	34,26	7,87	1,20	0,270	0,57%	0,246	4,46	9,39	-0,52	8,86	2,88%	3,58%	1,23	2,76%	15,24%	432.364,00	179.091.000,00	0,98	20,51%
CLSC4	41,29	7,92	0,79	0,209	2,55%	0,147	-19,43	5,09	-0,33	4,65	4,10%	2,63%	0,98	3,38%	9,92%	214.332,00	2.025.410.000,00	0,76	3,63%
SHUL4	8,95	8,36	1,33	0,756	2,97%	0,550	1,48	9,04	11,10	7,89	8,36%	9,03%	2,40	8,77%	15,94%	1.212.060,00	599.667.000,00	0,96	15,39%
EMAE4	26,01	8,51	1,05	2,062	3,19%	0,662	2,38	41,46	-100,65	24,36	4,97%	24,24%	4,42	2,09%	12,29%	49.499,40	918.883.000,00	0,08	20,78%
CRIV3	5,98	8,54	0,65	0,000	0,35%	0,000	0,00	0,00	0,00	0,00	0,00%	0,00%	0,00	0,00%	7,65%	31.045,70	942.527.000,00	0,00	-0,83%
BEES3	5,75	8,57	1,16	0,000	5,23%	0,000	0,00	0,00	0,00	0,00	0,00%	0,00%	0,00	0,00%	13,51%	141.611,00	1.568.220.000,00	0,00	8,83%
CLSC3	44,99	8,63	0,86	0,227	2,13%	0,160	-21,17	5,54	-0,36	4,91	4,10%	2,63%	0,98	3,38%	9,92%	214,24	2.025.410.000,00	0,76	3,63%
EEEL3	300,00	8,68	1,09	2,653	4,81%	0,554	2,72	7,38	-2,99	7,19	35,97%	30,41%	3,02	8,32%	12,57%	3.178,50	2.662.330.000,00	0,23	8,80%
PTNT4	4,25	8,76	0,93	0,365	4,16%	0,364	2,84	6,70	-11,48	4,92	5,46%	6,83%	1,36	6,81%	10,62%	183.798,00	219.520.000,00	0,55	3,59%
BEES4	5,90	8,80	1,19	0,000	5,09%	0,000	0,00	0,00	0,00	0,00	0,00%	0,00%	0,00	0,00%	13,51%	12.619,40	1.568.220.000,00	0,00	8,83%
WIZS3	11,88	8,87	7,73	2,910	9,36%	2,670	-27,57	5,16	-8,43	3,09	56,40%	34,08%	0,77	65,06%	87,16%	6.433.280,00	245.690.000,00	0,00	18,69%
BRGE8	6,00	8,88	0,37	15,901	4,65%	0,136	0,76	-1,06	0,90	3,02	-1.501,78%	268,48%	1,41	-26,86%	4,21%	455,21	1.181.120.000,00	0,00	-1,54%
MERC4	12,15	8,92	0,90	0,000	4,07%	0,000	0,00	0,00	0,00	0,00	0,00%	0,00%	0,00	0,00%	10,06%	17.962,40	243.892.000,00	0,00	-6,79%
BRGE11	6,25	9,25	0,39	16,563	5,37%	0,142	0,79	-1,10	0,94	2,98	-1.501,78%	268,48%	1,41	-26,86%	4,21%	14,88	1.181.120.000,00	0,00	-1,54%
CGRA4	25,06	9,29	0,95	1,070	4,40%	0,649	2,61	11,70	8,69	7,95	9,14%	11,52%	2,74	6,50%	10,22%	440.671,00	530.643.000,00	0,00	4,26%
CGRA3	25,50	9,46	0,97	1,089	4,33%	0,660	2,66	11,91	8,84	8,11	9,14%	11,52%	2,74	6,50%	10,22%	31.214,20	530.643.000,00	0,00	4,26%
TUPY3	19,70	9,99	1,21	0,540	5,72%	0,547	2,06	6,36	-10,07	4,92	8,48%	5,40%	2,15	11,32%	12,15%	9.142.560,00	2.338.990.000,00	0,64	13,22%
EEEL4	350,00	10,12	1,27	3,095	4,54%	0,646	3,18	8,60	-3,48	8,33	35,97%	30,41%	3,02	8,32%	12,57%	833,33	2.662.330.000,00	0,23	8,80%
HAGA4	1,54	10,16	-0,23	0,776	0,00%	0,320	0,84	-6,33	-0,20	-21,31	-12,27%	7,64%	1,90	-14,07%	-2,22%	57.356,90	-81.209.100,00	-0,55	-7,15%
EUCA4	5,84	10,18	0,42	0,390	0,78%	0,241	-2.600,46	3,74	-1,73	3,53	10,44%	4,65%	1,00	6,99%	4,12%	386.745,00	1.288.300.000,00	0,34	4,72%
FESA3	27,99	10,21	1,33	1,925	4,37%	0,881	4,31	16,89	-30,48	8,68	11,40%	18,89%	3,01	5,88%	13,03%	2.630,98	1.858.840.000,00	0,27	10,88%
CRIV4	7,20	10,28	0,79	0,000	4,49%	0,000	0,00	0,00	0,00	0,00	0,00%	0,00%	0,00	0,00%	7,65%	6.353,83	942.527.000,00	0,00	-0,83%
EKTR3	20,00	10,45	1,48	0,808	5,20%	0,494	3,72	6,08	-1,49	8,27	13,30%	7,73%	1,66	9,69%	14,18%	241,79	2.614.100.000,00	1,46	-1,33%
BRGE3	7,15	10,58	0,45	18,948	0,02%	0,162	0,90	-1,26	1,07	2,82	-1.501,78%	268,48%	1,41	-26,86%	4,21%	4.205,81	1.181.120.000,00	0,00	-1,54%
ATOM3	1,49	10,72	7,29	4,737	0,00%	2,452	2,72	12,76	9,96	8,90	37,14%	44,18%	102,26	74,22%	68,01%	70.802,50	4.270.000,00	0,00	76,64%
TGMA3	30,40	10,82	3,47	1,502	5,17%	2,020	10,55	7,61	47,89	7,32	19,73%	13,88%	1,71	30,98%	32,11%	11.455.200,00	577.735.000,00	0,39	4,90%
VLID3	14,44	10,86	0,89	0,539	8,92%	0,394	1,76	5,50	-3,82	5,39	9,81%	5,02%	2,02	8,98%	8,16%	6.831.980,00	1.160.780.000,00	0,88	3,91%
EUCA3	6,27	10,93	0,45	0,419	0,66%	0,259	-2.791,93	4,01	-1,86	3,68	10,44%	4,65%	1,00	6,99%	4,12%	973,05	1.288.300.000,00	0,34	4,72%
BRIV4	8,09	11,03	0,48	0,000	5,65%	0,000	0,00	0,00	0,00	0,00	0,00%	0,00%	0,00	0,00%	4,39%	16.213,30	1.478.470.000,00	0,00	11,68%
GEPA3	40,74	11,10	2,08	2,740	8,19%	0,814	-24,04	6,58	-2,50	5,02	41,66%	24,69%	0,89	22,96%	18,70%	3.018,12	1.853.850.000,00	0,73	3,58%
EKTR4	21,48	11,23	1,59	0,867	5,32%	0,531	3,99	6,52	-1,61	8,61	13,30%	7,73%	1,66	9,69%	14,18%	5.609,12	2.614.100.000,00	1,46	-1,33%
RPAD3	5,40	11,23	0,46	1.456,310	0,00%	0,461	107,50	-131,25	117,25	-129,58	-1.109,55%	12.969,40%	2,36	-0,35%	4,12%	7.286,43	989.509.000,00	0,00	12,81%
ELEK4	18,93	11,41	2,55	0,554	1,76%	1,135	3,60	23,96	38,83	17,31	2,31%	4,85%	2,17	5,83%	22,37%	8.678,71	233.503.000,00	0,74	6,98%
WLMM3	10,70	11,43	0,94	0,369	1,77%	0,740	2,85	11,65	4,38	9,60	3,16%	3,22%	3,15	7,31%	8,22%	4.189,62	414.642.000,00	0,02	17,74%
MTSA4	19,80	11,55	0,75	0,637	2,02%	0,546	1,12	20,34	1,20	7,10	3,13%	5,51%	2,99	3,87%	6,53%	110.160,00	239.897.000,00	0,22	6,67%
TEND3	26,17	11,60	2,10	1,467	2,69%	0,863	1,74	7,65	10,41	6,49	19,17%	12,67%	3,83	16,76%	18,06%	24.322.900,00	1.303.330.000,00	0,57	24,24%
WLMM4	10,93	11,68	0,96	0,377	1,91%	0,756	2,91	11,90	4,47	9,82	3,16%	3,22%	3,15	7,31%	8,22%	27.098,90	414.642.000,00	0,02	17,74%
BGIP3	55,00	11,69	2,21	0,000	2,55%	0,000	0,00	0,00	0,00	0,00	0,00%	0,00%	0,00	0,00%	18,88%	3.338,90	380.893.000,00	0,00	16,05%
BRGE5	8,01	11,86	0,50	21,227	0,00%	0,181	1,01	-1,41	1,20	2,66	-1.501,78%	268,48%	1,41	-26,86%	4,21%	405,88	1.181.120.000,00	0,00	-1,54%
COCE3	50,00	11,86	1,30	0,748	3,74%	0,460	26,69	8,93	-1,12	8,81	8,38%	6,31%	1,08	5,80%	10,98%	235,71	2.988.960.000,00	0,77	6,25%
ELEK3	19,69	11,87	2,65	0,576	1,69%	1,181	3,75	24,92	40,38	17,88	2,31%	4,85%	2,17	5,83%	22,37%	1.844,67	233.503.000,00	0,74	6,98%
CARD3	7,65	12,10	1,27	0,754	5,30%	0,651	-69,76	9,57	-2,85	4,68	7,88%	6,23%	0,97	8,10%	10,51%	657.672,00	251.518.000,00	0,49	-1,95%
LEVE3	24,59	12,10	2,39	1,230	6,55%	1,314	5,56	8,02	25,33	6,94	15,34%	10,07%	1,88	19,49%	19,75%	5.012.220,00	1.320.440.000,00	0,31	1,93%
GEPA4	44,99	12,26	2,29	3,026	7,41%	0,899	-26,55	7,26	-2,76	5,51	41,66%	24,69%	0,89	22,96%	18,70%	35.397,60	1.853.850.000,00	0,73	3,58%
BRIV3	9,03	12,32	0,54	0,000	0,00%	0,000	0,00	0,00	0,00	0,00	0,00%	0,00%	0,00	0,00%	4,39%	20.099,30	1.478.470.000,00	0,00	11,68%
ENMT3	31,00	12,45	3,23	1,411	3,66%	0,885	20,64	8,20	-1,94	10,00	17,21%	11,33%	1,19	11,85%	25,93%	8.253,62	2.044.870.000,00	1,81	11,48%
ENMT4	31,50	12,65	3,28	1,434	3,60%	0,899	20,98	8,33	-1,97	10,11	17,21%	11,33%	1,19	11,85%	25,93%	24.023,90	2.044.870.000,00	1,81	11,48%
SLCE3	18,05	13,18	1,26	1,145	5,25%	0,500	3,60	7,68	-3,59	8,54	14,90%	8,64%	1,47	7,95%	9,55%	14.836.600,00	2.733.090.000,00	0,78	19,10%
RPAD6	6,34	13,18	0,54	1.709,820	0,00%	0,541	126,21	-154,10	137,66	-152,43	-1.109,55%	12.969,40%	2,36	-0,35%	4,12%	9.478,69	989.509.000,00	0,00	12,81%
SOND6	35,13	13,20	1,78	1,541	17,92%	0,999	3,21	20,36	4,96	9,96	7,57%	11,68%	1,95	8,31%	13,46%	462,29	48.605.000,00	0,00	-23,01%
VULC3	7,80	13,30	1,84	1,430	0,00%	1,387	3,14	13,62	3,99	8,70	10,50%	10,76%	3,91	11,25%	13,82%	3.724.560,00	1.042.570.000,00	0,04	10,22%
RAPT3	8,98	13,49	1,83	0,619	2,11%	0,493	1,30	5,71	-9,06	6,12	10,83%	5,84%	2,72	13,33%	13,58%	26.011,50	1.695.280.000,00	1,69	13,08%
SOND5	36,01	13,53	1,82	1,580	17,48%	1,024	3,29	20,87	5,08	10,37	7,57%	11,68%	1,95	8,31%	13,46%	2.548,12	48.605.000,00	0,00	-23,01%
SPRI3	8,19	13,54	0,53	0,000	0,00%	0,489	0,00	-10,02	0,00	-8,43	0,00%	0,00%	0,00	0,00%	3,91%	9.291,14	39.160.000,00	0,00	-42,88%
NAFG3	71,00	13,78	3,19	1,245	1,38%	1,429	8,26	8,45	-5.807,05	7,23	14,74%	8,97%	1,46	19,65%	23,16%	169,05	301.933.000,00	0,59	9,16%
PEAB4	49,00	13,98	1,20	1,605	8,73%	0,933	2,91	15,89	3,95	11,35	10,10%	11,51%	3,40	8,32%	8,57%	1.347,57	525.543.000,00	0,00	10,00%
UNIP5	28,74	14,05	2,21	0,920	0,90%	0,804	6,16	5,98	-2,94	4,83	15,39%	6,30%	1,61	16,37%	15,71%	31.615,70	1.324.090.000,00	0,58	49,37%
UNIP6	28,89	14,12	2,22	0,925	0,89%	0,808	6,19	6,01	-2,96	4,85	15,39%	6,30%	1,61	16,37%	15,71%	3.511.170,00	1.324.090.000,00	0,58	49,37%
BAUH4	68,99	14,14	4,96	2,059	0,70%	3,274	12,49	24,23	14,47	20,92	8,50%	14,56%	1,86	24,85%	35,10%	40.741,40	72.604.000,00	0,00	12,74%
UNIP3	29,02	14,19	2,23	0,929	0,81%	0,811	6,22	6,04	-2,97	4,87	15,39%	6,30%	1,61	16,37%	15,71%	96.275,20	1.324.090.000,00	0,58	49,37%
KEPL3	24,44	14,22	1,41	1,075	0,40%	0,958	4,66	11,47	6,16	7,32	9,38%	7,56%	1,76	9,83%	9,90%	643.720,00	456.590.000,00	0,10	-3,87%
PEAB3	50,00	14,27	1,22	1,638	7,78%	0,952	2,97	16,22	4,03	11,68	10,10%	11,51%	3,40	8,32%	8,57%	2.020,64	525.543.000,00	0,00	10,00%
SOND3	38,00	14,28	1,92	1,667	15,06%	1,080	3,48	22,02	5,36	11,32	7,57%	11,68%	1,95	8,31%	13,46%	382,14	48.605.000,00	0,00	-23,01%
COCE5	62,40	14,80	1,63	0,933	3,00%	0,574	33,31	11,14	-1,40	10,24	8,38%	6,31%	1,08	5,80%	10,98%	2.478.520,00	2.988.960.000,00	0,77	6,25%
CAMB4	5,95	15,17	3,53	1,101	0,00%	1,016	26,40	11,14	-4,01	10,54	9,88%	7,26%	1,09	9,92%	23,24%	300.316,00	70.840.000,00	0,95	-7,11%
ENAT3	13,75	15,32	1,31	3,633	13,87%	0,828	2,61	14,61	13,39	4,19	24,87%	23,72%	3,87	9,01%	8,54%	9.088.740,00	2.795.640.000,00	0,09	18,47%
SPRI5	9,30	15,37	0,60	0,000	0,00%	0,555	0,00	-11,37	0,00	-9,80	0,00%	0,00%	0,00	0,00%	3,91%	393,48	39.160.000,00	0,00	-42,88%
POMO3	3,32	15,53	1,41	0,721	4,46%	0,611	2,42	13,69	2.484,94	12,79	5,26%	4,88%	1,83	6,20%	9,07%	379.138,00	2.233.070.000,00	0,80	13,05%
RAPT4	10,40	15,62	2,12	0,716	1,83%	0,571	1,51	6,61	-10,50	6,84	10,83%	5,84%	2,72	13,33%	13,58%	29.484.100,00	1.695.280.000,00	1,69	13,08%
LLIS3	16,50	15,68	0,39	0,848	2,89%	0,195	30,46	1.435,53	-0,80	17,11	0,06%	2,08%	1,03	0,02%	2,46%	348.126,00	2.202.920.000,00	0,79	-1,07%
TIET4	2,40	15,99	3,13	2,409	6,91%	0,609	18,65	6,65	-1,06	7,58	36,24%	15,06%	1,16	13,44%	19,58%	799.488,00	1.529.330.000,00	2,76	-39,54%
PATI3	21,50	16,14	0,90	0,360	3,87%	0,411	0,82	7,96	1,93	7,34	4,53%	2,23%	2,97	9,19%	5,59%	1.740,50	425.541.000,00	0,72	14,74%
TIET11	12,25	16,33	3,20	2,459	6,77%	0,622	19,04	6,78	-1,08	7,68	36,24%	15,06%	1,16	13,44%	19,58%	11.725.100,00	1.529.330.000,00	2,76	-39,54%
POMO4	3,51	16,41	1,49	0,762	4,21%	0,645	2,56	14,48	2.627,15	13,38	5,26%	4,88%	1,83	6,20%	9,07%	18.797.300,00	2.233.070.000,00	0,80	13,05%
BRGE6	11,10	16,43	0,69	29,416	6,04%	0,251	1,40	-1,96	1,67	2,12	-1.501,78%	268,48%	1,41	-26,86%	4,21%	303,62	1.181.120.000,00	0,00	-1,54%
TXRX3	3,44	16,57	-0,05	0,151	0,00%	0,084	-0,05	5,49	-0,03	26,39	2,74%	0,91%	0,16	2,41%	-0,29%	296,41	-305.523.000,00	-0,63	4,21%
RPAD5	8,06	16,76	0,69	2.173,680	5,07%	0,687	160,45	-195,91	175,01	-194,23	-1.109,55%	12.969,40%	2,36	-0,35%	4,12%	556,55	989.509.000,00	0,00	12,81%
CEPE5	22,65	17,12	1,04	0,376	5,45%	0,213	9,55	3,67	-0,41	8,57	10,25%	2,20%	1,09	6,59%	6,10%	2.347,95	1.618.100.000,00	2,96	1,47%
FRAS3	4,67	17,22	1,29	0,755	7,34%	0,623	2,50	11,10	-15,08	8,05	6,80%	4,09%	2,15	7,01%	7,52%	204.429,00	784.832.000,00	0,52	12,17%
TIET3	2,63	17,53	3,43	2,639	6,31%	0,667	20,44	7,28	-1,16	8,03	36,24%	15,06%	1,16	13,44%	19,58%	238.076,00	1.529.330.000,00	2,76	-39,54%
SEER3	23,50	17,58	2,30	2,428	10,87%	1,208	6,86	12,25	-8,16	7,53	19,83%	13,81%	2,17	12,56%	13,06%	15.875.900,00	1.317.110.000,00	0,15	6,22%
JHSF3	5,25	18,14	1,45	5,707	1,83%	0,673	238,34	25,70	-1,52	29,04	22,21%	33,42%	1,03	2,69%	7,98%	11.563.100,00	2.313.410.000,00	0,47	-2,10%
CSRN6	17,06	18,43	2,86	1,482	7,51%	0,714	7,29	11,48	-1,39	12,95	12,91%	8,04%	1,72	6,97%	15,52%	40,62	1.002.440.000,00	1,74	4,60%
PATI4	25,49	19,13	1,07	0,427	5,46%	0,488	0,97	9,44	2,28	8,56	4,53%	2,23%	2,97	9,19%	5,59%	1.510,52	425.541.000,00	0,72	14,74%
TXRX4	3,99	19,22	-0,06	0,175	0,00%	0,097	-0,06	6,37	-0,04	26,69	2,74%	0,91%	0,16	2,41%	-0,29%	33.727,90	-305.523.000,00	-0,63	4,21%
SPRI6	11,69	19,32	0,75	0,000	0,00%	0,698	0,00	-14,30	0,00	-12,77	0,00%	0,00%	0,00	0,00%	3,91%	111,38	39.160.000,00	0,00	-42,88%
EALT3	15,22	19,40	2,07	1,159	0,83%	0,924	20,85	15,73	-4,41	14,05	7,37%	5,98%	1,15	6,36%	10,67%	59.387,80	165.525.000,00	0,50	22,44%
CSRN5	18,00	19,45	3,02	1,564	7,12%	0,754	7,69	12,11	-1,46	13,42	12,91%	8,04%	1,72	6,97%	15,52%	85,71	1.002.440.000,00	1,74	4,60%
WSON33	34,71	19,73	1,22	1,535	6,18%	0,541	20,51	4,45	-1,28	7,69	34,48%	8,14%	1,25	13,47%	6,21%	965.723,00	2.018.430.000,00	1,00	-0,49%
MOAR3	165,00	19,91	1,91	878,876	7,96%	1,388	9,23	-44,51	-59,84	-41,08	-1.974,48%	4.514,04%	2,53	-4,07%	9,57%	13.059,50	1.060.840.000,00	0,15	-28,50%
CSRN3	18,49	19,98	3,10	1,606	6,30%	0,774	7,90	12,44	-1,50	13,66	12,91%	8,04%	1,72	6,97%	15,52%	4.438,02	1.002.440.000,00	1,74	4,60%
DIRR3	11,93	20,23	1,41	1,234	7,38%	0,392	0,96	8,26	-2,14	7,56	14,93%	7,30%	4,72	5,86%	6,95%	8.264.740,00	1.302.000.000,00	0,71	-7,36%
HGTX3	31,30	20,60	3,68	3,240	3,01%	2,760	5,93	22,19	6,40	15,52	14,60%	15,73%	3,16	17,96%	17,87%	51.827.300,00	1.382.520.000,00	0,05	-0,19%
TRIS3	13,23	21,12	2,38	3,374	0,81%	1,458	2,24	17,58	2,85	16,17	19,20%	17,39%	3,99	12,54%	11,28%	14.965.000,00	1.036.050.000,00	0,34	19,43%
PNVL4	379,90	21,47	3,44	0,678	1,64%	1,268	5,02	8,06	-42,47	7,28	8,42%	3,16%	1,73	20,66%	16,03%	56.299,80	498.578.000,00	0,94	6,46%
LUXM4	22,00	21,66	0,99	0,906	8,51%	0,593	-114,66	9,89	-1,95	5,04	9,16%	4,18%	0,95	6,34%	4,58%	22.504,00	115.330.000,00	0,29	16,05%
GBIO33	8,82	21,77	1,24	1,237	0,00%	0,711	3,30	7,25	10,88	8,38	17,06%	5,68%	1,79	12,75%	5,68%	7.780.080,00	760.840.000,00	0,29	-10,40%
PARD3	24,05	22,45	4,71	2,385	1,96%	1,935	12,55	14,91	-7,59	11,64	15,99%	10,65%	1,86	15,46%	20,97%	5.968.420,00	668.985.000,00	0,35	11,17%
QUAL3	34,11	22,95	4,17	4,941	14,03%	2,256	7,38	12,20	-70,13	7,99	40,50%	21,52%	3,52	29,42%	18,16%	87.527.400,00	2.324.350.000,00	0,56	3,47%
JSLG3	21,40	23,18	3,43	0,482	0,71%	0,217	1,02	4,06	-0,51	6,64	11,88%	2,82%	1,85	9,00%	14,79%	8.786.410,00	1.290.550.000,00	11,34	11,21%
AGRO3	16,73	23,53	1,01	1,807	5,55%	0,646	4,58	9,26	-13,48	9,73	19,52%	15,38%	1,81	8,17%	4,31%	705.126,00	938.852.000,00	0,41	11,76%
HAGA3	3,61	23,83	-0,53	1,820	0,00%	0,751	1,96	-14,84	-0,47	-40,60	-12,27%	7,64%	1,90	-14,07%	-2,22%	3.674,50	-81.209.100,00	-0,55	-7,15%
CVCB3	39,00	24,07	4,24	2,938	1,12%	0,839	3,49	8,25	-11,26	8,23	35,63%	11,56%	1,49	12,21%	17,62%	111.328.000,00	1.370.930.000,00	1,13	19,00%
UCAS3	4,90	24,48	1,77	2,209	0,00%	1,415	3,64	27,78	4,09	12,64	7,95%	9,02%	3,45	7,38%	7,24%	846.888,00	182.761.000,00	0,00	-11,23%
LCAM3	17,00	25,00	2,81	1,717	1,82%	0,818	66,93	9,95	-1,71	9,38	17,24%	6,87%	1,06	11,38%	11,22%	29.135.500,00	2.712.690.000,00	1,67	61,88%
JPSA3	31,74	25,28	1,84	3,746	1,25%	0,512	3,87	7,26	-1,86	8,52	51,61%	33,48%	3,94	8,16%	7,26%	6.363.250,00	1.519.490.000,00	1,49	4,17%
MOVI3	16,58	25,36	2,20	1,440	1,99%	0,660	55,92	10,98	-1,89	10,10	13,12%	5,68%	1,03	10,55%	8,69%	26.179.700,00	2.247.810.000,00	1,49	23,04%
AFLT3	12,99	25,65	3,78	20,027	0,00%	3,600	11,45	26,01	12,78	24,39	77,00%	78,08%	22,45	18,11%	14,73%	257.728,00	216.847.000,00	0,01	35,75%
GPIV33	6,99	25,65	0,57	3,036	0,00%	0,226	1,11	4,32	9,35	0,35	70,35%	39,14%	11,58	6,63%	2,22%	300.622,00	1.345.380.000,00	0,00	-21,47%
FLRY3	26,61	26,81	4,85	2,968	3,81%	1,773	20,48	15,81	-4,56	10,74	18,77%	11,07%	1,54	12,90%	18,10%	39.139.300,00	1.737.100.000,00	0,62	11,62%
BMKS3	249,00	28,09	0,60	6,421	3,37%	0,517	0,71	-18,88	0,83	6,33	-34,02%	22,86%	26,48	-8,75%	2,14%	4.378,19	188.600.000,00	0,05	-10,88%
PRIO3	19,24	28,23	2,25	2,035	0,00%	0,608	-11,05	6,15	-1,22	7,45	33,06%	7,21%	0,81	11,82%	7,97%	19.188.500,00	1.225.290.000,00	1,07	47,40%
ODPV3	15,85	28,99	7,84	4,712	2,98%	4,837	32,31	16,87	77,03	15,16	27,94%	16,34%	1,51	40,95%	27,06%	22.291.600,00	1.073.730.000,00	0,00	9,29%
IGTA3	46,00	29,61	2,75	10,926	1,85%	1,525	11,66	19,96	-5,60	18,16	54,73%	37,46%	4,19	8,79%	9,30%	52.536.200,00	2.949.110.000,00	0,74	4,11%
PNVL3	535,10	30,24	4,85	0,955	1,06%	1,787	7,07	11,35	-59,83	9,69	8,42%	3,16%	1,73	20,66%	16,03%	335.279,00	498.578.000,00	0,94	6,46%
FRIO3	66,00	30,34	5,46	0,190	0,00%	0,177	4,39	4,77	-0,77	8,86	3,98%	2,82%	1,06	6,77%	17,99%	1.895,21	49.651.000,00	19,66	8,63%
SCAR3	40,89	34,03	1,60	7,610	0,90%	0,853	12,20	12,52	-2,39	14,60	60,77%	22,60%	2,92	7,42%	4,70%	1.437.740,00	1.475.840.000,00	0,83	-6,49%
AMAR3	10,10	37,30	2,45	0,738	0,00%	0,591	4,50	8,85	-2,86	6,84	8,34%	0,52%	1,31	8,24%	6,58%	13.027.700,00	840.223.000,00	1,92	-3,70%
ARZZ3	60,01	37,45	7,68	3,361	2,59%	3,922	11,71	31,66	20,35	21,88	10,62%	8,97%	1,97	17,82%	20,51%	25.727.800,00	710.655.000,00	0,27	10,00%
BMIN3	16,60	39,07	0,67	0,000	0,24%	0,000	0,00	0,00	0,00	0,00	0,00%	0,00%	0,00	0,00%	1,70%	39,52	120.283.000,00	0,00	-5,99%
BKBR3	15,90	39,61	2,07	1,303	1,12%	1,235	-87,43	30,23	-4,77	9,45	4,31%	3,29%	0,91	4,69%	5,22%	18.249.900,00	1.755.120.000,00	0,08	29,25%
DOHL4	7,69	42,26	0,81	0,941	2,86%	0,632	1,57	39,67	2,32	16,18	2,37%	2,23%	5,57	1,79%	1,91%	54.693,90	575.310.000,00	0,06	6,02%
BMIN4	18,50	43,54	0,74	0,000	7,57%	0,000	0,00	0,00	0,00	0,00	0,00%	0,00%	0,00	0,00%	1,70%	2.269,60	120.283.000,00	0,00	-5,99%
LOGG3	26,40	43,64	1,17	22,192	0,38%	0,788	24,92	28,19	-3,09	37,16	78,73%	54,17%	1,83	2,90%	2,69%	6.874.300,00	2.298.080.000,00	0,43	6,82%
AALR3	18,60	43,70	1,71	2,057	0,45%	0,891	77,30	17,39	-3,24	11,85	11,83%	5,67%	1,07	5,46%	3,91%	3.373.780,00	1.287.910.000,00	0,50	-0,55%
BALM4	11,00	44,05	1,05	0,717	1,27%	0,555	1,82	10,30	3,14	9,49	6,96%	1,29%	2,02	6,01%	2,39%	2.455,90	102.201.000,00	0,29	5,61%
OFSA3	37,60	50,33	4,24	3,390	0,85%	2,316	9,25	28,37	64,81	23,27	11,95%	6,74%	2,05	9,58%	8,43%	455.238,00	478.261.000,00	0,63	4,47%
RLOG3	21,71	51,24	4,33	1,422	0,00%	0,317	10,30	4,97	-0,52	5,22	28,64%	10,10%	1,34	6,77%	8,46%	7.664.480,00	2.320.640.000,00	4,70	21,00%
POSI3	5,90	52,66	0,99	0,268	0,00%	0,276	1,61	4,10	4,71	4,79	6,54%	0,67%	1,28	11,41%	1,88%	2.710.070,00	524.611.000,00	1,21	0,41%
ALPA3	24,45	62,70	5,67	3,463	0,00%	3,297	10,92	29,95	21,32	22,40	11,56%	4,98%	2,18	14,00%	9,05%	74.162,40	2.535.080.000,00	0,17	-0,54%
TASA3	4,84	70,73	-1,34	0,451	0,00%	0,395	5,09	6,36	-0,67	12,68	7,10%	0,64%	1,12	7,24%	-1,89%	645.747,00	-320.169.000,00	-2,40	4,61%
TASA4	4,97	72,63	-1,37	0,463	0,00%	0,405	5,22	6,53	-0,69	12,81	7,10%	0,64%	1,12	7,24%	-1,89%	4.151.140,00	-320.169.000,00	-2,40	4,61%
ALPA4	29,11	74,65	6,75	4,123	0,00%	3,925	13,01	35,66	25,38	26,70	11,56%	4,98%	2,18	14,00%	9,05%	26.839.000,00	2.535.080.000,00	0,17	-0,54%
LOGN3	18,91	87,08	-3,41	1,088	0,00%	0,884	29,87	10,50	-0,89	9,60	10,36%	1,25%	1,13	9,94%	-3,91%	7.724.750,00	-330.625.000,00	-3,89	-0,37%
GNDI3	57,00	95,69	11,52	3,969	0,26%	3,203	88,79	37,00	-7,85	30,28	10,73%	5,44%	1,13	10,85%	12,04%	175.024.000,00	2.665.060.000,00	0,92	0,00%
AZUL4	50,49	103,00	-26,76	1,617	0,00%	0,927	-8,60	11,49	-1,14	6,99	14,07%	1,57%	0,67	9,52%	-25,98%	130.453.000,00	-644.791.000,00	-5,27	20,34%
JOPA4	24,50	104,37	0,52	0,214	2,91%	0,139	0,42	12,93	-28,25	22,80	1,66%	0,75%	2,09	1,43%	0,50%	408,33	494.790.000,00	1,96	2,52%
JOPA3	25,00	106,50	0,53	0,219	2,60%	0,142	0,43	13,19	-28,82	22,95	1,66%	0,75%	2,09	1,43%	0,50%	116,67	494.790.000,00	1,96	2,52%
TOTS3	65,52	110,08	5,12	5,498	0,39%	3,508	9,89	18,86	13,83	14,29	29,15%	5,01%	2,66	32,57%	4,65%	97.982.800,00	2.466.200.000,00	0,19	5,17%
LINX3	29,97	121,57	3,11	7,584	0,54%	2,194	5,32	34,43	9,53	18,14	22,03%	6,24%	4,68	11,03%	2,56%	42.009.100,00	1.825.340.000,00	0,18	15,22%
BIDI3	14,61	134,04	4,69	0,000	0,12%	0,000	0,00	0,00	0,00	0,00	0,00%	0,00%	0,00	0,00%	3,50%	4.331.040,00	2.188.220.000,00	0,00	0,00%
BIDI4	14,68	134,68	4,71	0,000	0,46%	0,000	0,00	0,00	0,00	0,00	0,00%	0,00%	0,00	0,00%	3,50%	39.611.700,00	2.188.220.000,00	0,00	0,00%
BIDI11	44,70	136,70	4,79	0,000	0,12%	0,000	0,00	0,00	0,00	0,00	0,00%	0,00%	0,00	0,00%	3,50%	52.291.700,00	2.188.220.000,00	0,00	0,00%
MEAL3	6,96	170,22	1,43	0,871	7,86%	0,634	5,00	31,15	-2,19	12,37	2,80%	0,51%	1,91	2,55%	0,84%	5.633.740,00	954.646.000,00	0,54	0,13%
OMGE3	36,90	180,74	2,20	6,838	0,00%	0,819	7,67	19,67	-1,84	19,30	34,76%	4,74%	2,55	4,93%	1,22%	23.143.700,00	2.767.800.000,00	1,47	70,62%
LIPR3	75,11	192,69	5,15	0,000	2,86%	3,991	0,00	-83,79	0,00	-76,22	0,00%	0,00%	0,00	0,00%	2,67%	2.859,19	171.511.000,00	0,00	0,00%
GOLL4	34,20	364,27	-1,49	0,917	0,00%	0,821	-2,23	9,31	-0,69	6,62	9,84%	2,44%	0,47	11,58%	-0,41%	159.023.000,00	-8.137.020.000,00	-1,02	7,47%
STBP3	7,26	554,98	3,58	5,045	0,06%	1,518	14,59	80,48	-3,99	25,52	6,27%	0,91%	2,13	2,26%	0,65%	14.627.500,00	1.357.500.000,00	0,34	0,79%
ANIM3	21,84	2.599,06	2,56	1,514	0,03%	0,811	-17,36	17,55	-1,58	12,96	8,63%	0,06%	0,79	4,94%	0,10%	4.267.260,00	683.761.000,00	1,47	7,82%